Serial,Date,Message,serial,date,message
,,,11800391.0,2024-08-01,Transitioning to PositionState
,,,11800392.0,2024-08-01,Transitioning to Position State.
,,,11800400.0,2024-08-02,"rolling_v1 - Hit Rate: 1.0000, Avg Error: 0.0000, Avg Profit: 84.8411"
,,,11800401.0,2024-08-02,Raw hit rates: [1.0]
,,,11800402.0,2024-08-02,Raw average errors: [0.0]
,,,11800403.0,2024-08-02,Raw average profits: [84.84110719941604]
,,,11800404.0,2024-08-02,Profit weights: [0.6]
,,,11800405.0,2024-08-02,Hit rate weights: [0.2]
,,,11800406.0,2024-08-02,Error weights: [0.2]
,,,11800407.0,2024-08-02,Model 1 final weight: 1.0000
,,,11800408.0,2024-08-02,"rolling_v2 - Hit Rate: 1.0000, Avg Error: 0.0000, Avg Profit: 84.8411"
,,,11800409.0,2024-08-02,Raw hit rates: [1.0]
,,,11800410.0,2024-08-02,Raw average errors: [0.0]
,,,11800411.0,2024-08-02,Raw average profits: [84.84110719941604]
,,,11800412.0,2024-08-02,Profit weights: [0.6]
,,,11800413.0,2024-08-02,Hit rate weights: [0.2]
,,,11800414.0,2024-08-02,Error weights: [0.2]
,,,11800415.0,2024-08-02,Model 1 final weight: 1.0000
,,,11800416.0,2024-04-24,Transitioning to IdleState
,,,11800417.0,2024-04-24,アイドル状態に遷移します。
,,,11800419.0,2024-08-03,Transitioning to PositionState
,,,11800420.0,2024-08-03,Transitioning to Position State.
,,,11800428.0,2024-08-04,"rolling_v1 - Hit Rate: 1.0000, Avg Error: 0.0000, Avg Profit: 63.4507"
,,,11800429.0,2024-08-04,Raw hit rates: [1.0]
,,,11800430.0,2024-08-04,Raw average errors: [0.0]
,,,11800431.0,2024-08-04,Raw average profits: [63.45074648933766]
,,,11800432.0,2024-08-04,Profit weights: [0.6]
,,,11800433.0,2024-08-04,Hit rate weights: [0.2]
,,,11800434.0,2024-08-04,Error weights: [0.2]
,,,11800435.0,2024-08-04,Model 1 final weight: 1.0000
,,,11800436.0,2024-08-04,"rolling_v2 - Hit Rate: 1.0000, Avg Error: 0.0000, Avg Profit: 63.4507"
,,,11800437.0,2024-08-04,Raw hit rates: [1.0]
,,,11800438.0,2024-08-04,Raw average errors: [0.0]
,,,11800439.0,2024-08-04,Raw average profits: [63.45074648933766]
,,,11800440.0,2024-08-04,Profit weights: [0.6]
,,,11800441.0,2024-08-04,Hit rate weights: [0.2]
,,,11800442.0,2024-08-04,Error weights: [0.2]
,,,11800443.0,2024-08-04,Model 1 final weight: 1.0000
,,,11800444.0,2024-04-24,Transitioning to IdleState
,,,11800445.0,2024-04-24,アイドル状態に遷移します。
,,,11800447.0,2024-08-05,Transitioning to PositionState
,,,11800448.0,2024-08-05,Transitioning to Position State.
,,,11800449.0,2024-08-06,losscut price: 56687.61
,,,11800457.0,2024-08-06,"rolling_v1 - Hit Rate: 0.6667, Avg Error: 0.3333, Avg Profit: 25.2672"
,,,11800458.0,2024-08-06,Raw hit rates: [0.6666666666666666]
,,,11800459.0,2024-08-06,Raw average errors: [0.3333333333333333]
,,,11800460.0,2024-08-06,Raw average profits: [25.26716432622507]
,,,11800461.0,2024-08-06,Profit weights: [0.6]
,,,11800462.0,2024-08-06,Hit rate weights: [0.2]
,,,11800463.0,2024-08-06,Error weights: [nan]
,,,11800464.0,2024-08-06,Model 1 final weight: nan
,,,11800465.0,2024-08-06,"rolling_v2 - Hit Rate: 0.6667, Avg Error: 0.3333, Avg Profit: 25.2672"
,,,11800466.0,2024-08-06,Raw hit rates: [0.6666666666666666]
,,,11800467.0,2024-08-06,Raw average errors: [0.3333333333333333]
,,,11800468.0,2024-08-06,Raw average profits: [25.26716432622507]
,,,11800469.0,2024-08-06,Profit weights: [0.6]
,,,11800470.0,2024-08-06,Hit rate weights: [0.2]
,,,11800471.0,2024-08-06,Error weights: [nan]
,,,11800472.0,2024-08-06,Model 1 final weight: nan
,,,11800473.0,2024-04-24,Transitioning to IdleState
,,,11800474.0,2024-04-24,アイドル状態に遷移します。
,,,11800476.0,2024-08-07,Transitioning to PositionState
,,,11800477.0,2024-08-07,Transitioning to Position State.
,,,11800485.0,2024-08-08,"rolling_v1 - Hit Rate: 0.5000, Avg Error: 0.5000, Avg Profit: 7.6405"
,,,11800486.0,2024-08-08,Raw hit rates: [0.5]
,,,11800487.0,2024-08-08,Raw average errors: [0.5]
,,,11800488.0,2024-08-08,Raw average profits: [7.640534656256039]
,,,11800489.0,2024-08-08,Profit weights: [0.6]
,,,11800490.0,2024-08-08,Hit rate weights: [0.2]
,,,11800491.0,2024-08-08,Error weights: [nan]
,,,11800492.0,2024-08-08,Model 1 final weight: nan
,,,11800493.0,2024-08-08,"rolling_v2 - Hit Rate: 0.5000, Avg Error: 0.5000, Avg Profit: 7.6405"
,,,11800494.0,2024-08-08,Raw hit rates: [0.5]
,,,11800495.0,2024-08-08,Raw average errors: [0.5]
,,,11800496.0,2024-08-08,Raw average profits: [7.640534656256039]
,,,11800497.0,2024-08-08,Profit weights: [0.6]
,,,11800498.0,2024-08-08,Hit rate weights: [0.2]
,,,11800499.0,2024-08-08,Error weights: [nan]
,,,11800500.0,2024-08-08,Model 1 final weight: nan
,,,11800501.0,2024-04-24,Transitioning to IdleState
,,,11800502.0,2024-04-24,アイドル状態に遷移します。
,,,11800504.0,2024-08-09,Transitioning to PositionState
,,,11800505.0,2024-08-09,Transitioning to Position State.
,,,11800506.0,2024-08-10,continue Position state pandl:0.1607999999999037
,,,11800507.0,2024-08-11,continue Position state pandl:-34.88399999999999
,,,11800508.0,2024-08-12,losscut price: 57774.155
,,,11800516.0,2024-08-12,"rolling_v1 - Hit Rate: 0.6000, Avg Error: 0.4000, Avg Profit: 17.3544"
,,,11800517.0,2024-08-12,Raw hit rates: [0.6]
,,,11800518.0,2024-08-12,Raw average errors: [0.4]
,,,11800519.0,2024-08-12,Raw average profits: [17.354427725004832]
,,,11800520.0,2024-08-12,Profit weights: [0.6]
,,,11800521.0,2024-08-12,Hit rate weights: [0.2]
,,,11800522.0,2024-08-12,Error weights: [nan]
,,,11800523.0,2024-08-12,Model 1 final weight: nan
,,,11800524.0,2024-08-12,"rolling_v2 - Hit Rate: 0.6000, Avg Error: 0.4000, Avg Profit: 17.3544"
,,,11800525.0,2024-08-12,Raw hit rates: [0.6]
,,,11800526.0,2024-08-12,Raw average errors: [0.4]
,,,11800527.0,2024-08-12,Raw average profits: [17.354427725004832]
,,,11800528.0,2024-08-12,Profit weights: [0.6]
,,,11800529.0,2024-08-12,Hit rate weights: [0.2]
,,,11800530.0,2024-08-12,Error weights: [nan]
,,,11800531.0,2024-08-12,Model 1 final weight: nan
,,,11800532.0,2024-04-24,Transitioning to IdleState
,,,11800533.0,2024-04-24,アイドル状態に遷移します。
,,,11800535.0,2024-08-13,Transitioning to PositionState
,,,11800536.0,2024-08-13,Transitioning to Position State.
,,,11800537.0,2024-08-14,continue Position state pandl:-35.609799999999915
,,,11800538.0,2024-08-15,losscut price: 57806.12727272727
,,,11800546.0,2024-08-15,"rolling_v1 - Hit Rate: 0.6667, Avg Error: 0.3333, Avg Profit: 26.8766"
,,,11800547.0,2024-08-15,Raw hit rates: [0.6666666666666666]
,,,11800548.0,2024-08-15,Raw average errors: [0.3333333333333333]
,,,11800549.0,2024-08-15,Raw average profits: [26.876568558716155]
,,,11800550.0,2024-08-15,Profit weights: [0.6]
,,,11800551.0,2024-08-15,Hit rate weights: [0.2]
,,,11800552.0,2024-08-15,Error weights: [nan]
,,,11800553.0,2024-08-15,Model 1 final weight: nan
,,,11800554.0,2024-08-15,"rolling_v2 - Hit Rate: 0.6667, Avg Error: 0.3333, Avg Profit: 26.8766"
,,,11800555.0,2024-08-15,Raw hit rates: [0.6666666666666666]
,,,11800556.0,2024-08-15,Raw average errors: [0.3333333333333333]
,,,11800557.0,2024-08-15,Raw average profits: [26.876568558716155]
,,,11800558.0,2024-08-15,Profit weights: [0.6]
,,,11800559.0,2024-08-15,Hit rate weights: [0.2]
,,,11800560.0,2024-08-15,Error weights: [nan]
,,,11800561.0,2024-08-15,Model 1 final weight: nan
,,,11800562.0,2024-04-24,Transitioning to IdleState
,,,11800563.0,2024-04-24,アイドル状態に遷移します。
,,,11800565.0,2024-08-16,Transitioning to PositionState
,,,11800566.0,2024-08-16,Transitioning to Position State.
,,,11800567.0,2024-08-17,continue Position state pandl:-23.453400000000055
,,,11800568.0,2024-08-18,continue Position state pandl:12.882400000000008
,,,11800569.0,2024-08-19,continue Position state pandl:-21.032600000000183
,,,11800570.0,2024-08-20,losscut price: 60909.75
,,,11800578.0,2024-08-20,"rolling_v1 - Hit Rate: 0.5714, Avg Error: 0.4286, Avg Profit: 12.7228"
,,,11800579.0,2024-08-20,Raw hit rates: [0.5714285714285714]
,,,11800580.0,2024-08-20,Raw average errors: [0.42857142857142855]
,,,11800581.0,2024-08-20,Raw average profits: [12.722773050328131]
,,,11800582.0,2024-08-20,Profit weights: [0.6]
,,,11800583.0,2024-08-20,Hit rate weights: [0.2]
,,,11800584.0,2024-08-20,Error weights: [nan]
,,,11800585.0,2024-08-20,Model 1 final weight: nan
,,,11800586.0,2024-08-20,"rolling_v2 - Hit Rate: 0.5714, Avg Error: 0.4286, Avg Profit: 12.7228"
,,,11800587.0,2024-08-20,Raw hit rates: [0.5714285714285714]
,,,11800588.0,2024-08-20,Raw average errors: [0.42857142857142855]
,,,11800589.0,2024-08-20,Raw average profits: [12.722773050328131]
,,,11800590.0,2024-08-20,Profit weights: [0.6]
,,,11800591.0,2024-08-20,Hit rate weights: [0.2]
,,,11800592.0,2024-08-20,Error weights: [nan]
,,,11800593.0,2024-08-20,Model 1 final weight: nan
,,,11800594.0,2024-04-24,Transitioning to IdleState
,,,11800595.0,2024-04-24,アイドル状態に遷移します。
,,,11800597.0,2024-08-21,Transitioning to PositionState
,,,11800598.0,2024-08-21,Transitioning to Position State.
,,,11800599.0,2024-08-22,continue Position state pandl:21.64415353436278
,,,11800600.0,2024-08-23,losscut price: 63259.820999999996
,,,11800608.0,2024-08-23,"rolling_v1 - Hit Rate: 0.5000, Avg Error: 0.5000, Avg Profit: 2.5587"
,,,11800609.0,2024-08-23,Raw hit rates: [0.5]
,,,11800610.0,2024-08-23,Raw average errors: [0.5]
,,,11800611.0,2024-08-23,Raw average profits: [2.5586764190371145]
,,,11800612.0,2024-08-23,Profit weights: [0.6]
,,,11800613.0,2024-08-23,Hit rate weights: [0.2]
,,,11800614.0,2024-08-23,Error weights: [nan]
,,,11800615.0,2024-08-23,Model 1 final weight: nan
,,,11800616.0,2024-08-23,"rolling_v2 - Hit Rate: 0.5000, Avg Error: 0.5000, Avg Profit: 2.5587"
,,,11800617.0,2024-08-23,Raw hit rates: [0.5]
,,,11800618.0,2024-08-23,Raw average errors: [0.5]
,,,11800619.0,2024-08-23,Raw average profits: [2.5586764190371145]
,,,11800620.0,2024-08-23,Profit weights: [0.6]
,,,11800621.0,2024-08-23,Hit rate weights: [0.2]
,,,11800622.0,2024-08-23,Error weights: [nan]
,,,11800623.0,2024-08-23,Model 1 final weight: nan
,,,11800624.0,2024-04-24,Transitioning to IdleState
,,,11800625.0,2024-04-24,アイドル状態に遷移します。
,,,11800627.0,2024-08-24,Transitioning to PositionState
,,,11800628.0,2024-08-24,Transitioning to Position State.
,,,11800629.0,2024-08-25,continue Position state pandl:-3.0017077440912807
,,,11800630.0,2024-08-26,continue Position state pandl:31.220792255908574
,,,11800638.0,2024-08-27,"rolling_v1 - Hit Rate: 0.5556, Avg Error: 0.4444, Avg Profit: 10.4397"
,,,11800639.0,2024-08-27,Raw hit rates: [0.5555555555555556]
,,,11800640.0,2024-08-27,Raw average errors: [0.4444444444444444]
,,,11800641.0,2024-08-27,Raw average profits: [10.439706160365839]
,,,11800642.0,2024-08-27,Profit weights: [0.6]
,,,11800643.0,2024-08-27,Hit rate weights: [0.2]
,,,11800644.0,2024-08-27,Error weights: [nan]
,,,11800645.0,2024-08-27,Model 1 final weight: nan
,,,11800646.0,2024-08-27,"rolling_v2 - Hit Rate: 0.5556, Avg Error: 0.4444, Avg Profit: 10.4397"
,,,11800647.0,2024-08-27,Raw hit rates: [0.5555555555555556]
,,,11800648.0,2024-08-27,Raw average errors: [0.4444444444444444]
,,,11800649.0,2024-08-27,Raw average profits: [10.439706160365839]
,,,11800650.0,2024-08-27,Profit weights: [0.6]
,,,11800651.0,2024-08-27,Hit rate weights: [0.2]
,,,11800652.0,2024-08-27,Error weights: [nan]
,,,11800653.0,2024-08-27,Model 1 final weight: nan
,,,11800654.0,2024-04-24,Transitioning to IdleState
,,,11800655.0,2024-04-24,アイドル状態に遷移します。
,,,11800657.0,2024-08-28,Transitioning to PositionState
,,,11800658.0,2024-08-28,Transitioning to Position State.
,,,11800659.0,2024-08-29,losscut price: 61078.5585
,,,11800667.0,2024-08-29,"rolling_v1 - Hit Rate: 0.5000, Avg Error: 0.5000, Avg Profit: 2.5367"
,,,11800668.0,2024-08-29,Raw hit rates: [0.5]
,,,11800669.0,2024-08-29,Raw average errors: [0.5]
,,,11800670.0,2024-08-29,Raw average profits: [2.536735544329255]
,,,11800671.0,2024-08-29,Profit weights: [0.6]
,,,11800672.0,2024-08-29,Hit rate weights: [0.2]
,,,11800673.0,2024-08-29,Error weights: [nan]
,,,11800674.0,2024-08-29,Model 1 final weight: nan
,,,11800675.0,2024-08-29,"rolling_v2 - Hit Rate: 0.5000, Avg Error: 0.5000, Avg Profit: 2.5367"
,,,11800676.0,2024-08-29,Raw hit rates: [0.5]
,,,11800677.0,2024-08-29,Raw average errors: [0.5]
,,,11800678.0,2024-08-29,Raw average profits: [2.536735544329255]
,,,11800679.0,2024-08-29,Profit weights: [0.6]
,,,11800680.0,2024-08-29,Hit rate weights: [0.2]
,,,11800681.0,2024-08-29,Error weights: [nan]
,,,11800682.0,2024-08-29,Model 1 final weight: nan
,,,11800683.0,2024-04-24,Transitioning to IdleState
,,,11800684.0,2024-04-24,アイドル状態に遷移します。
,,,11800686.0,2024-08-30,Transitioning to PositionState
,,,11800687.0,2024-08-30,Transitioning to Position State.
,,,11800688.0,2024-08-31,continue Position state pandl:2.568072198403035
,,,11800689.0,2024-09-01,continue Position state pandl:49.560472198403126
,,,11800690.0,2024-09-02,continue Position state pandl:-2.2563278015967065
,,,11800698.0,2024-09-03,"rolling_v1 - Hit Rate: 0.5455, Avg Error: 0.4545, Avg Profit: 5.4770"
,,,11800699.0,2024-09-03,Raw hit rates: [0.5454545454545454]
,,,11800700.0,2024-09-03,Raw average errors: [0.45454545454545453]
,,,11800701.0,2024-09-03,Raw average profits: [5.476965125924859]
,,,11800702.0,2024-09-03,Profit weights: [0.6]
,,,11800703.0,2024-09-03,Hit rate weights: [0.2]
,,,11800704.0,2024-09-03,Error weights: [nan]
,,,11800705.0,2024-09-03,Model 1 final weight: nan
,,,11800706.0,2024-09-03,"rolling_v2 - Hit Rate: 0.5455, Avg Error: 0.4545, Avg Profit: 5.4770"
,,,11800707.0,2024-09-03,Raw hit rates: [0.5454545454545454]
,,,11800708.0,2024-09-03,Raw average errors: [0.45454545454545453]
,,,11800709.0,2024-09-03,Raw average profits: [5.476965125924859]
,,,11800710.0,2024-09-03,Profit weights: [0.6]
,,,11800711.0,2024-09-03,Hit rate weights: [0.2]
,,,11800712.0,2024-09-03,Error weights: [nan]
,,,11800713.0,2024-09-03,Model 1 final weight: nan
,,,11800714.0,2024-04-24,Transitioning to IdleState
,,,11800715.0,2024-04-24,アイドル状態に遷移します。
,,,11800717.0,2024-09-04,Transitioning to PositionState
,,,11800718.0,2024-09-04,Transitioning to Position State.
,,,11800719.0,2024-09-05,continue Position state pandl:27.593254917636102
,,,11800727.0,2024-09-06,"rolling_v1 - Hit Rate: 0.5833, Avg Error: 0.4167, Avg Profit: 8.8179"
,,,11800728.0,2024-09-06,Raw hit rates: [0.5833333333333334]
,,,11800729.0,2024-09-06,Raw average errors: [0.4166666666666667]
,,,11800730.0,2024-09-06,Raw average profits: [8.817853466687831]
,,,11800731.0,2024-09-06,Profit weights: [0.6]
,,,11800732.0,2024-09-06,Hit rate weights: [0.2]
,,,11800733.0,2024-09-06,Error weights: [nan]
,,,11800734.0,2024-09-06,Model 1 final weight: nan
,,,11800735.0,2024-09-06,"rolling_v2 - Hit Rate: 0.5833, Avg Error: 0.4167, Avg Profit: 8.8179"
,,,11800736.0,2024-09-06,Raw hit rates: [0.5833333333333334]
,,,11800737.0,2024-09-06,Raw average errors: [0.4166666666666667]
,,,11800738.0,2024-09-06,Raw average profits: [8.817853466687831]
,,,11800739.0,2024-09-06,Profit weights: [0.6]
,,,11800740.0,2024-09-06,Hit rate weights: [0.2]
,,,11800741.0,2024-09-06,Error weights: [nan]
,,,11800742.0,2024-09-06,Model 1 final weight: nan
,,,11800743.0,2024-04-24,Transitioning to IdleState
,,,11800744.0,2024-04-24,アイドル状態に遷移します。
,,,11800746.0,2024-09-07,Transitioning to PositionState
,,,11800747.0,2024-09-07,Transitioning to Position State.
,,,11800748.0,2024-09-08,continue Position state pandl:-13.839028406610193
,,,11800749.0,2024-09-09,losscut price: 56846.475
,,,11800757.0,2024-09-09,"rolling_v1 - Hit Rate: 0.5385, Avg Error: 0.4615, Avg Profit: 4.2088"
,,,11800758.0,2024-09-09,Raw hit rates: [0.5384615384615384]
,,,11800759.0,2024-09-09,Raw average errors: [0.46153846153846156]
,,,11800760.0,2024-09-09,Raw average profits: [4.208787815404143]
,,,11800761.0,2024-09-09,Profit weights: [0.6]
,,,11800762.0,2024-09-09,Hit rate weights: [0.2]
,,,11800763.0,2024-09-09,Error weights: [nan]
,,,11800764.0,2024-09-09,Model 1 final weight: nan
,,,11800765.0,2024-09-09,"rolling_v2 - Hit Rate: 0.5385, Avg Error: 0.4615, Avg Profit: 4.2088"
,,,11800766.0,2024-09-09,Raw hit rates: [0.5384615384615384]
,,,11800767.0,2024-09-09,Raw average errors: [0.46153846153846156]
,,,11800768.0,2024-09-09,Raw average profits: [4.208787815404143]
,,,11800769.0,2024-09-09,Profit weights: [0.6]
,,,11800770.0,2024-09-09,Hit rate weights: [0.2]
,,,11800771.0,2024-09-09,Error weights: [nan]
,,,11800772.0,2024-09-09,Model 1 final weight: nan
,,,11800773.0,2024-04-24,Transitioning to IdleState
,,,11800774.0,2024-04-24,アイドル状態に遷移します。
,,,11800776.0,2024-09-10,Transitioning to PositionState
,,,11800777.0,2024-09-10,Transitioning to Position State.
,,,11800778.0,2024-09-11,continue Position state pandl:3.963124729637162
,,,11800779.0,2024-09-12,continue Position state pandl:-8.747275270362888
,,,11800780.0,2024-09-13,losscut price: 60501.315
,,,11800788.0,2024-09-13,"rolling_v1 - Hit Rate: 0.5000, Avg Error: 0.5000, Avg Profit: -1.5668"
,,,11800789.0,2024-09-13,Raw hit rates: [0.5]
,,,11800790.0,2024-09-13,Raw average errors: [0.5]
,,,11800791.0,2024-09-13,Raw average profits: [-1.566839885696153]
,,,11800792.0,2024-09-13,Profit weights: [0.6]
,,,11800793.0,2024-09-13,Hit rate weights: [0.2]
,,,11800794.0,2024-09-13,Error weights: [nan]
,,,11800795.0,2024-09-13,Model 1 final weight: nan
,,,11800796.0,2024-09-13,"rolling_v2 - Hit Rate: 0.5000, Avg Error: 0.5000, Avg Profit: -1.5668"
,,,11800797.0,2024-09-13,Raw hit rates: [0.5]
,,,11800798.0,2024-09-13,Raw average errors: [0.5]
,,,11800799.0,2024-09-13,Raw average profits: [-1.566839885696153]
,,,11800800.0,2024-09-13,Profit weights: [0.6]
,,,11800801.0,2024-09-13,Hit rate weights: [0.2]
,,,11800802.0,2024-09-13,Error weights: [nan]
,,,11800803.0,2024-09-13,Model 1 final weight: nan
,,,11800804.0,2024-04-24,Transitioning to IdleState
,,,11800805.0,2024-04-24,アイドル状態に遷移します。
,,,11800807.0,2024-09-14,Transitioning to PositionState
,,,11800808.0,2024-09-14,Transitioning to Position State.
,,,11800809.0,2024-09-15,continue Position state pandl:23.25025079286905
,,,11800817.0,2024-09-16,"rolling_v1 - Hit Rate: 0.5333, Avg Error: 0.4667, Avg Profit: 3.7989"
,,,11800818.0,2024-09-16,Raw hit rates: [0.5333333333333333]
,,,11800819.0,2024-09-16,Raw average errors: [0.4666666666666667]
,,,11800820.0,2024-09-16,Raw average profits: [3.798875284713425]
,,,11800821.0,2024-09-16,Profit weights: [0.6]
,,,11800822.0,2024-09-16,Hit rate weights: [0.2]
,,,11800823.0,2024-09-16,Error weights: [nan]
,,,11800824.0,2024-09-16,Model 1 final weight: nan
,,,11800825.0,2024-09-16,"rolling_v2 - Hit Rate: 0.5333, Avg Error: 0.4667, Avg Profit: 3.7989"
,,,11800826.0,2024-09-16,Raw hit rates: [0.5333333333333333]
,,,11800827.0,2024-09-16,Raw average errors: [0.4666666666666667]
,,,11800828.0,2024-09-16,Raw average profits: [3.798875284713425]
,,,11800829.0,2024-09-16,Profit weights: [0.6]
,,,11800830.0,2024-09-16,Hit rate weights: [0.2]
,,,11800831.0,2024-09-16,Error weights: [nan]
,,,11800832.0,2024-09-16,Model 1 final weight: nan
,,,11800833.0,2024-04-24,Transitioning to IdleState
,,,11800834.0,2024-04-24,アイドル状態に遷移します。
,,,11800836.0,2024-09-17,Transitioning to PositionState
,,,11800837.0,2024-09-17,Transitioning to Position State.
,,,11800838.0,2024-09-18,continue Position state pandl:-47.564576663716004
,,,11800839.0,2024-09-19,losscut price: 62384.7285
,,,11800847.0,2024-09-19,"rolling_v1 - Hit Rate: 0.5000, Avg Error: 0.5000, Avg Profit: -0.2742"
,,,11800848.0,2024-09-19,Raw hit rates: [0.5]
,,,11800849.0,2024-09-19,Raw average errors: [0.5]
,,,11800850.0,2024-09-19,Raw average profits: [-0.27417942058116385]
,,,11800851.0,2024-09-19,Profit weights: [0.6]
,,,11800852.0,2024-09-19,Hit rate weights: [0.2]
,,,11800853.0,2024-09-19,Error weights: [nan]
,,,11800854.0,2024-09-19,Model 1 final weight: nan
,,,11800855.0,2024-09-19,"rolling_v2 - Hit Rate: 0.5000, Avg Error: 0.5000, Avg Profit: -0.2742"
,,,11800856.0,2024-09-19,Raw hit rates: [0.5]
,,,11800857.0,2024-09-19,Raw average errors: [0.5]
,,,11800858.0,2024-09-19,Raw average profits: [-0.27417942058116385]
,,,11800859.0,2024-09-19,Profit weights: [0.6]
,,,11800860.0,2024-09-19,Hit rate weights: [0.2]
,,,11800861.0,2024-09-19,Error weights: [nan]
,,,11800862.0,2024-09-19,Model 1 final weight: nan
,,,11800863.0,2024-04-24,Transitioning to IdleState
,,,11800864.0,2024-04-24,アイドル状態に遷移します。
,,,11800866.0,2024-09-20,Transitioning to PositionState
,,,11800867.0,2024-09-20,Transitioning to Position State.
,,,11800868.0,2024-09-21,continue Position state pandl:-4.171212338516838
,,,11800869.0,2024-09-22,continue Position state pandl:-8.939212338516867
,,,11800870.0,2024-09-23,continue Position state pandl:-4.059212338516986
,,,11800878.0,2024-09-24,"rolling_v1 - Hit Rate: 0.4706, Avg Error: 0.5294, Avg Profit: -1.3235"
,,,11800879.0,2024-09-24,Raw hit rates: [0.47058823529411764]
,,,11800880.0,2024-09-24,Raw average errors: [0.5294117647058824]
,,,11800881.0,2024-09-24,Raw average profits: [-1.3235442858371815]
,,,11800882.0,2024-09-24,Profit weights: [0.6]
,,,11800883.0,2024-09-24,Hit rate weights: [0.2]
,,,11800884.0,2024-09-24,Error weights: [nan]
,,,11800885.0,2024-09-24,Model 1 final weight: nan
,,,11800886.0,2024-09-24,"rolling_v2 - Hit Rate: 0.4706, Avg Error: 0.5294, Avg Profit: -1.3235"
,,,11800887.0,2024-09-24,Raw hit rates: [0.47058823529411764]
,,,11800888.0,2024-09-24,Raw average errors: [0.5294117647058824]
,,,11800889.0,2024-09-24,Raw average profits: [-1.3235442858371815]
,,,11800890.0,2024-09-24,Profit weights: [0.6]
,,,11800891.0,2024-09-24,Hit rate weights: [0.2]
,,,11800892.0,2024-09-24,Error weights: [nan]
,,,11800893.0,2024-09-24,Model 1 final weight: nan
,,,11800894.0,2024-04-24,Transitioning to IdleState
,,,11800895.0,2024-04-24,アイドル状態に遷移します。
,,,11800897.0,2024-09-25,Transitioning to PositionState
,,,11800898.0,2024-09-25,Transitioning to Position State.
,,,11800899.0,2024-09-26,continue Position state pandl:-27.123703692105625
,,,11800900.0,2024-09-27,losscut price: 66286.605
,,,11800908.0,2024-09-27,"rolling_v1 - Hit Rate: 0.4444, Avg Error: 0.5556, Avg Profit: -4.6567"
,,,11800909.0,2024-09-27,Raw hit rates: [0.4444444444444444]
,,,11800910.0,2024-09-27,Raw average errors: [0.5555555555555556]
,,,11800911.0,2024-09-27,Raw average profits: [-4.656680714401783]
,,,11800912.0,2024-09-27,Profit weights: [0.6]
,,,11800913.0,2024-09-27,Hit rate weights: [0.2]
,,,11800914.0,2024-09-27,Error weights: [nan]
,,,11800915.0,2024-09-27,Model 1 final weight: nan
,,,11800916.0,2024-09-27,"rolling_v2 - Hit Rate: 0.4444, Avg Error: 0.5556, Avg Profit: -4.6567"
,,,11800917.0,2024-09-27,Raw hit rates: [0.4444444444444444]
,,,11800918.0,2024-09-27,Raw average errors: [0.5555555555555556]
,,,11800919.0,2024-09-27,Raw average profits: [-4.656680714401783]
,,,11800920.0,2024-09-27,Profit weights: [0.6]
,,,11800921.0,2024-09-27,Hit rate weights: [0.2]
,,,11800922.0,2024-09-27,Error weights: [nan]
,,,11800923.0,2024-09-27,Model 1 final weight: nan
,,,11800924.0,2024-04-24,Transitioning to IdleState
,,,11800925.0,2024-04-24,アイドル状態に遷移します。
,,,11800927.0,2024-09-28,Transitioning to PositionState
,,,11800928.0,2024-09-28,Transitioning to Position State.
,,,11800929.0,2024-09-29,continue Position state pandl:3.049264250837931
,,,11800937.0,2024-09-30,"rolling_v1 - Hit Rate: 0.4737, Avg Error: 0.5263, Avg Profit: -0.7859"
,,,11800938.0,2024-09-30,Raw hit rates: [0.47368421052631576]
,,,11800939.0,2024-09-30,Raw average errors: [0.5263157894736842]
,,,11800940.0,2024-09-30,Raw average profits: [-0.7859000778640017]
,,,11800941.0,2024-09-30,Profit weights: [0.6]
,,,11800942.0,2024-09-30,Hit rate weights: [0.2]
,,,11800943.0,2024-09-30,Error weights: [nan]
,,,11800944.0,2024-09-30,Model 1 final weight: nan
,,,11800945.0,2024-09-30,"rolling_v2 - Hit Rate: 0.4737, Avg Error: 0.5263, Avg Profit: -0.7859"
,,,11800946.0,2024-09-30,Raw hit rates: [0.47368421052631576]
,,,11800947.0,2024-09-30,Raw average errors: [0.5263157894736842]
,,,11800948.0,2024-09-30,Raw average profits: [-0.7859000778640017]
,,,11800949.0,2024-09-30,Profit weights: [0.6]
,,,11800950.0,2024-09-30,Hit rate weights: [0.2]
,,,11800951.0,2024-09-30,Error weights: [nan]
,,,11800952.0,2024-09-30,Model 1 final weight: nan
,,,11800953.0,2024-04-24,Transitioning to IdleState
,,,11800954.0,2024-04-24,アイドル状態に遷移します。
,,,11800956.0,2024-10-01,Transitioning to PositionState
,,,11800957.0,2024-10-01,Transitioning to Position State.
,,,11800958.0,2024-10-02,continue Position state pandl:2.8257803237989254
,,,11800959.0,2024-10-03,continue Position state pandl:-0.10101967620125918
,,,11800960.0,2024-10-04,continue Position state pandl:-36.22701967620124
,,,11800968.0,2024-10-05,"rolling_v1 - Hit Rate: 0.4500, Avg Error: 0.5500, Avg Profit: -2.9046"
,,,11800969.0,2024-10-05,Raw hit rates: [0.45]
,,,11800970.0,2024-10-05,Raw average errors: [0.55]
,,,11800971.0,2024-10-05,Raw average profits: [-2.9046392901247757]
,,,11800972.0,2024-10-05,Profit weights: [0.6]
,,,11800973.0,2024-10-05,Hit rate weights: [0.2]
,,,11800974.0,2024-10-05,Error weights: [nan]
,,,11800975.0,2024-10-05,Model 1 final weight: nan
,,,11800976.0,2024-10-05,"rolling_v2 - Hit Rate: 0.4500, Avg Error: 0.5500, Avg Profit: -2.9046"
,,,11800977.0,2024-10-05,Raw hit rates: [0.45]
,,,11800978.0,2024-10-05,Raw average errors: [0.55]
,,,11800979.0,2024-10-05,Raw average profits: [-2.9046392901247757]
,,,11800980.0,2024-10-05,Profit weights: [0.6]
,,,11800981.0,2024-10-05,Hit rate weights: [0.2]
,,,11800982.0,2024-10-05,Error weights: [nan]
,,,11800983.0,2024-10-05,Model 1 final weight: nan
,,,11800984.0,2024-04-24,Transitioning to IdleState
,,,11800985.0,2024-04-24,アイドル状態に遷移します。
,,,11800987.0,2024-10-06,Transitioning to PositionState
,,,11800988.0,2024-10-06,Transitioning to Position State.
,,,11800989.0,2024-10-07,continue Position state pandl:13.288763107086787
,,,11800990.0,2024-10-08,continue Position state pandl:15.051263107086832
,,,11800998.0,2024-10-09,"rolling_v1 - Hit Rate: 0.4762, Avg Error: 0.5238, Avg Profit: 0.7184"
,,,11800999.0,2024-10-09,Raw hit rates: [0.47619047619047616]
,,,11801000.0,2024-10-09,Raw average errors: [0.5238095238095238]
,,,11801001.0,2024-10-09,Raw average profits: [0.7183526604496089]
,,,11801002.0,2024-10-09,Profit weights: [0.6]
,,,11801003.0,2024-10-09,Hit rate weights: [0.2]
,,,11801004.0,2024-10-09,Error weights: [nan]
,,,11801005.0,2024-10-09,Model 1 final weight: nan
,,,11801006.0,2024-10-09,"rolling_v2 - Hit Rate: 0.4762, Avg Error: 0.5238, Avg Profit: 0.7184"
,,,11801007.0,2024-10-09,Raw hit rates: [0.47619047619047616]
,,,11801008.0,2024-10-09,Raw average errors: [0.5238095238095238]
,,,11801009.0,2024-10-09,Raw average profits: [0.7183526604496089]
,,,11801010.0,2024-10-09,Profit weights: [0.6]
,,,11801011.0,2024-10-09,Hit rate weights: [0.2]
,,,11801012.0,2024-10-09,Error weights: [nan]
,,,11801013.0,2024-10-09,Model 1 final weight: nan
,,,11801014.0,2024-04-24,Transitioning to IdleState
,,,11801015.0,2024-04-24,アイドル状態に遷移します。
,,,11801017.0,2024-10-10,Transitioning to PositionState
,,,11801018.0,2024-10-10,Transitioning to Position State.
,,,11801019.0,2024-10-11,losscut price: 62640.428888888884
,,,11801027.0,2024-10-11,"rolling_v1 - Hit Rate: 0.4545, Avg Error: 0.5455, Avg Profit: -2.4044"
,,,11801028.0,2024-10-11,Raw hit rates: [0.45454545454545453]
,,,11801029.0,2024-10-11,Raw average errors: [0.5454545454545454]
,,,11801030.0,2024-10-11,Raw average profits: [-2.404350238257696]
,,,11801031.0,2024-10-11,Profit weights: [0.6]
,,,11801032.0,2024-10-11,Hit rate weights: [0.2]
,,,11801033.0,2024-10-11,Error weights: [nan]
,,,11801034.0,2024-10-11,Model 1 final weight: nan
,,,11801035.0,2024-10-11,"rolling_v2 - Hit Rate: 0.4545, Avg Error: 0.5455, Avg Profit: -2.4044"
,,,11801036.0,2024-10-11,Raw hit rates: [0.45454545454545453]
,,,11801037.0,2024-10-11,Raw average errors: [0.5454545454545454]
,,,11801038.0,2024-10-11,Raw average profits: [-2.404350238257696]
,,,11801039.0,2024-10-11,Profit weights: [0.6]
,,,11801040.0,2024-10-11,Hit rate weights: [0.2]
,,,11801041.0,2024-10-11,Error weights: [nan]
,,,11801042.0,2024-10-11,Model 1 final weight: nan
,,,11801043.0,2024-04-24,Transitioning to IdleState
,,,11801044.0,2024-04-24,アイドル状態に遷移します。
,,,11801046.0,2024-10-12,Transitioning to PositionState
,,,11801047.0,2024-10-12,Transitioning to Position State.
,,,11801048.0,2024-10-13,continue Position state pandl:5.628291960747246
,,,11801049.0,2024-10-14,losscut price: 65407.294117647056
,,,11801057.0,2024-10-14,"rolling_v1 - Hit Rate: 0.4348, Avg Error: 0.5652, Avg Profit: -4.6733"
,,,11801058.0,2024-10-14,Raw hit rates: [0.43478260869565216]
,,,11801059.0,2024-10-14,Raw average errors: [0.5652173913043478]
,,,11801060.0,2024-10-14,Raw average profits: [-4.673342683141625]
,,,11801061.0,2024-10-14,Profit weights: [0.6]
,,,11801062.0,2024-10-14,Hit rate weights: [0.2]
,,,11801063.0,2024-10-14,Error weights: [nan]
,,,11801064.0,2024-10-14,Model 1 final weight: nan
,,,11801065.0,2024-10-14,"rolling_v2 - Hit Rate: 0.4348, Avg Error: 0.5652, Avg Profit: -4.6733"
,,,11801066.0,2024-10-14,Raw hit rates: [0.43478260869565216]
,,,11801067.0,2024-10-14,Raw average errors: [0.5652173913043478]
,,,11801068.0,2024-10-14,Raw average profits: [-4.673342683141625]
,,,11801069.0,2024-10-14,Profit weights: [0.6]
,,,11801070.0,2024-10-14,Hit rate weights: [0.2]
,,,11801071.0,2024-10-14,Error weights: [nan]
,,,11801072.0,2024-10-14,Model 1 final weight: nan
,,,11801073.0,2024-04-24,Transitioning to IdleState
,,,11801074.0,2024-04-24,アイドル状態に遷移します。
,,,11801076.0,2024-10-15,Transitioning to PositionState
,,,11801077.0,2024-10-15,Transitioning to Position State.
,,,11801078.0,2024-10-16,continue Position state pandl:-6.735973090717453
,,,11801079.0,2024-10-17,continue Position state pandl:-4.484273090717311
,,,11801080.0,2024-10-18,continue Position state pandl:-15.616273090717373
,,,11801088.0,2024-10-19,"rolling_v1 - Hit Rate: 0.4167, Avg Error: 0.5833, Avg Profit: -5.3397"
,,,11801089.0,2024-10-19,Raw hit rates: [0.4166666666666667]
,,,11801090.0,2024-10-19,Raw average errors: [0.5833333333333334]
,,,11801091.0,2024-10-19,Raw average profits: [-5.3397375244513965]
,,,11801092.0,2024-10-19,Profit weights: [0.6]
,,,11801093.0,2024-10-19,Hit rate weights: [0.2]
,,,11801094.0,2024-10-19,Error weights: [nan]
,,,11801095.0,2024-10-19,Model 1 final weight: nan
,,,11801096.0,2024-10-19,"rolling_v2 - Hit Rate: 0.4167, Avg Error: 0.5833, Avg Profit: -5.3397"
,,,11801097.0,2024-10-19,Raw hit rates: [0.4166666666666667]
,,,11801098.0,2024-10-19,Raw average errors: [0.5833333333333334]
,,,11801099.0,2024-10-19,Raw average profits: [-5.3397375244513965]
,,,11801100.0,2024-10-19,Profit weights: [0.6]
,,,11801101.0,2024-10-19,Hit rate weights: [0.2]
,,,11801102.0,2024-10-19,Error weights: [nan]
,,,11801103.0,2024-10-19,Model 1 final weight: nan
,,,11801104.0,2024-04-24,Transitioning to IdleState
,,,11801105.0,2024-04-24,アイドル状態に遷移します。
,,,11801107.0,2024-10-20,Transitioning to PositionState
,,,11801108.0,2024-10-20,Transitioning to Position State.
,,,11801109.0,2024-10-21,continue Position state pandl:17.52040671968233
,,,11801117.0,2024-10-22,"rolling_v1 - Hit Rate: 0.4400, Avg Error: 0.5600, Avg Profit: -3.7625"
,,,11801118.0,2024-10-22,Raw hit rates: [0.44]
,,,11801119.0,2024-10-22,Raw average errors: [0.56]
,,,11801120.0,2024-10-22,Raw average profits: [-3.762519687256437]
,,,11801121.0,2024-10-22,Profit weights: [0.6]
,,,11801122.0,2024-10-22,Hit rate weights: [0.2]
,,,11801123.0,2024-10-22,Error weights: [nan]
,,,11801124.0,2024-10-22,Model 1 final weight: nan
,,,11801125.0,2024-10-22,"rolling_v2 - Hit Rate: 0.4400, Avg Error: 0.5600, Avg Profit: -3.7625"
,,,11801126.0,2024-10-22,Raw hit rates: [0.44]
,,,11801127.0,2024-10-22,Raw average errors: [0.56]
,,,11801128.0,2024-10-22,Raw average profits: [-3.762519687256437]
,,,11801129.0,2024-10-22,Profit weights: [0.6]
,,,11801130.0,2024-10-22,Hit rate weights: [0.2]
,,,11801131.0,2024-10-22,Error weights: [nan]
,,,11801132.0,2024-10-22,Model 1 final weight: nan
,,,11801133.0,2024-04-24,Transitioning to IdleState
,,,11801134.0,2024-04-24,アイドル状態に遷移します。
,,,11801136.0,2024-10-23,Transitioning to PositionState
,,,11801137.0,2024-10-23,Transitioning to Position State.
,,,11801138.0,2024-10-24,continue Position state pandl:-19.061503891375647
,,,11801139.0,2024-10-25,continue Position state pandl:-1.008703891375714
,,,11801140.0,2024-10-26,continue Position state pandl:-5.836303891375789
,,,11801148.0,2024-10-27,"rolling_v1 - Hit Rate: 0.4231, Avg Error: 0.5769, Avg Profit: -5.0061"
,,,11801149.0,2024-10-27,Raw hit rates: [0.4230769230769231]
,,,11801150.0,2024-10-27,Raw average errors: [0.5769230769230769]
,,,11801151.0,2024-10-27,Raw average profits: [-5.0060721809924855]
,,,11801152.0,2024-10-27,Profit weights: [0.6]
,,,11801153.0,2024-10-27,Hit rate weights: [0.2]
,,,11801154.0,2024-10-27,Error weights: [nan]
,,,11801155.0,2024-10-27,Model 1 final weight: nan
,,,11801156.0,2024-10-27,"rolling_v2 - Hit Rate: 0.4231, Avg Error: 0.5769, Avg Profit: -5.0061"
,,,11801157.0,2024-10-27,Raw hit rates: [0.4230769230769231]
,,,11801158.0,2024-10-27,Raw average errors: [0.5769230769230769]
,,,11801159.0,2024-10-27,Raw average profits: [-5.0060721809924855]
,,,11801160.0,2024-10-27,Profit weights: [0.6]
,,,11801161.0,2024-10-27,Hit rate weights: [0.2]
,,,11801162.0,2024-10-27,Error weights: [nan]
,,,11801163.0,2024-10-27,Model 1 final weight: nan
,,,11801164.0,2024-04-24,Transitioning to IdleState
,,,11801165.0,2024-04-24,アイドル状態に遷移します。
,,,11801167.0,2024-10-28,Transitioning to PositionState
,,,11801168.0,2024-10-28,Transitioning to Position State.
,,,11801169.0,2024-10-29,losscut price: 72395.766
,,,11801177.0,2024-10-29,"rolling_v1 - Hit Rate: 0.4074, Avg Error: 0.5926, Avg Profit: -7.3610"
,,,11801178.0,2024-10-29,Raw hit rates: [0.4074074074074074]
,,,11801179.0,2024-10-29,Raw average errors: [0.5925925925925926]
,,,11801180.0,2024-10-29,Raw average profits: [-7.361032470585348]
,,,11801181.0,2024-10-29,Profit weights: [0.6]
,,,11801182.0,2024-10-29,Hit rate weights: [0.2]
,,,11801183.0,2024-10-29,Error weights: [nan]
,,,11801184.0,2024-10-29,Model 1 final weight: nan
,,,11801185.0,2024-10-29,"rolling_v2 - Hit Rate: 0.4074, Avg Error: 0.5926, Avg Profit: -7.3610"
,,,11801186.0,2024-10-29,Raw hit rates: [0.4074074074074074]
,,,11801187.0,2024-10-29,Raw average errors: [0.5925925925925926]
,,,11801188.0,2024-10-29,Raw average profits: [-7.361032470585348]
,,,11801189.0,2024-10-29,Profit weights: [0.6]
,,,11801190.0,2024-10-29,Hit rate weights: [0.2]
,,,11801191.0,2024-10-29,Error weights: [nan]
,,,11801192.0,2024-10-29,Model 1 final weight: nan
,,,11801193.0,2024-04-24,Transitioning to IdleState
,,,11801194.0,2024-04-24,アイドル状態に遷移します。
,,,11801196.0,2024-10-30,Transitioning to PositionState
,,,11801197.0,2024-10-30,Transitioning to Position State.
,,,11801198.0,2024-10-31,losscut price: 69852.7795
,,,11801206.0,2024-10-31,"rolling_v1 - Hit Rate: 0.4286, Avg Error: 0.5714, Avg Profit: -4.5196"
,,,11801207.0,2024-10-31,Raw hit rates: [0.42857142857142855]
,,,11801208.0,2024-10-31,Raw average errors: [0.5714285714285714]
,,,11801209.0,2024-10-31,Raw average profits: [-4.5195670252073]
,,,11801210.0,2024-10-31,Profit weights: [0.6]
,,,11801211.0,2024-10-31,Hit rate weights: [0.2]
,,,11801212.0,2024-10-31,Error weights: [nan]
,,,11801213.0,2024-10-31,Model 1 final weight: nan
,,,11801214.0,2024-10-31,"rolling_v2 - Hit Rate: 0.4286, Avg Error: 0.5714, Avg Profit: -4.5196"
,,,11801215.0,2024-10-31,Raw hit rates: [0.42857142857142855]
,,,11801216.0,2024-10-31,Raw average errors: [0.5714285714285714]
,,,11801217.0,2024-10-31,Raw average profits: [-4.5195670252073]
,,,11801218.0,2024-10-31,Profit weights: [0.6]
,,,11801219.0,2024-10-31,Hit rate weights: [0.2]
,,,11801220.0,2024-10-31,Error weights: [nan]
,,,11801221.0,2024-10-31,Model 1 final weight: nan
,,,11801222.0,2024-04-24,Transitioning to IdleState
,,,11801223.0,2024-04-24,アイドル状態に遷移します。
,,,11801225.0,2024-11-01,Transitioning to PositionState
,,,11801226.0,2024-11-01,Transitioning to Position State.
,,,11801227.0,2024-11-02,continue Position state pandl:0.9715529801872471
,,,11801228.0,2024-11-03,continue Position state pandl:12.13155298018733
,,,11801236.0,2024-11-04,"rolling_v1 - Hit Rate: 0.4483, Avg Error: 0.5517, Avg Profit: -2.1947"
,,,11801237.0,2024-11-04,Raw hit rates: [0.4482758620689655]
,,,11801238.0,2024-11-04,Raw average errors: [0.5517241379310345]
,,,11801239.0,2024-11-04,Raw average profits: [-2.194674988314083]
,,,11801240.0,2024-11-04,Profit weights: [0.6]
,,,11801241.0,2024-11-04,Hit rate weights: [0.2]
,,,11801242.0,2024-11-04,Error weights: [nan]
,,,11801243.0,2024-11-04,Model 1 final weight: nan
,,,11801244.0,2024-11-04,"rolling_v2 - Hit Rate: 0.4483, Avg Error: 0.5517, Avg Profit: -2.1947"
,,,11801245.0,2024-11-04,Raw hit rates: [0.4482758620689655]
,,,11801246.0,2024-11-04,Raw average errors: [0.5517241379310345]
,,,11801247.0,2024-11-04,Raw average profits: [-2.194674988314083]
,,,11801248.0,2024-11-04,Profit weights: [0.6]
,,,11801249.0,2024-11-04,Hit rate weights: [0.2]
,,,11801250.0,2024-11-04,Error weights: [nan]
,,,11801251.0,2024-11-04,Model 1 final weight: nan
,,,11801252.0,2024-04-24,Transitioning to IdleState
,,,11801253.0,2024-04-24,アイドル状態に遷移します。
,,,11801255.0,2024-11-05,Transitioning to PositionState
,,,11801256.0,2024-11-05,Transitioning to Position State.
,,,11801257.0,2024-11-06,losscut price: 71772.7995
,,,11801265.0,2024-11-06,"rolling_v1 - Hit Rate: 0.4333, Avg Error: 0.5667, Avg Profit: -4.1672"
,,,11801266.0,2024-11-06,Raw hit rates: [0.43333333333333335]
,,,11801267.0,2024-11-06,Raw average errors: [0.5666666666666667]
,,,11801268.0,2024-11-06,Raw average profits: [-4.16718582203694]
,,,11801269.0,2024-11-06,Profit weights: [0.6]
,,,11801270.0,2024-11-06,Hit rate weights: [0.2]
,,,11801271.0,2024-11-06,Error weights: [nan]
,,,11801272.0,2024-11-06,Model 1 final weight: nan
,,,11801273.0,2024-11-06,"rolling_v2 - Hit Rate: 0.4333, Avg Error: 0.5667, Avg Profit: -4.1672"
,,,11801274.0,2024-11-06,Raw hit rates: [0.43333333333333335]
,,,11801275.0,2024-11-06,Raw average errors: [0.5666666666666667]
,,,11801276.0,2024-11-06,Raw average profits: [-4.16718582203694]
,,,11801277.0,2024-11-06,Profit weights: [0.6]
,,,11801278.0,2024-11-06,Hit rate weights: [0.2]
,,,11801279.0,2024-11-06,Error weights: [nan]
,,,11801280.0,2024-11-06,Model 1 final weight: nan
,,,11801281.0,2024-04-24,Transitioning to IdleState
,,,11801282.0,2024-04-24,アイドル状態に遷移します。
,,,11801284.0,2024-11-07,Transitioning to PositionState
,,,11801285.0,2024-11-07,Transitioning to Position State.
,,,11801286.0,2024-11-08,continue Position state pandl:6.137001781884781
,,,11801287.0,2024-11-09,continue Position state pandl:4.014001781884847
,,,11801295.0,2024-11-10,"rolling_v1 - Hit Rate: 0.4194, Avg Error: 0.5806, Avg Profit: -4.9815"
,,,11801296.0,2024-11-10,Raw hit rates: [0.41935483870967744]
,,,11801297.0,2024-11-10,Raw average errors: [0.5806451612903226]
,,,11801298.0,2024-11-10,Raw average profits: [-4.981470580628742]
,,,11801299.0,2024-11-10,Profit weights: [0.6]
,,,11801300.0,2024-11-10,Hit rate weights: [0.2]
,,,11801301.0,2024-11-10,Error weights: [nan]
,,,11801302.0,2024-11-10,Model 1 final weight: nan
,,,11801303.0,2024-11-10,"rolling_v2 - Hit Rate: 0.4194, Avg Error: 0.5806, Avg Profit: -4.9815"
,,,11801304.0,2024-11-10,Raw hit rates: [0.41935483870967744]
,,,11801305.0,2024-11-10,Raw average errors: [0.5806451612903226]
,,,11801306.0,2024-11-10,Raw average profits: [-4.981470580628742]
,,,11801307.0,2024-11-10,Profit weights: [0.6]
,,,11801308.0,2024-11-10,Hit rate weights: [0.2]
,,,11801309.0,2024-11-10,Error weights: [nan]
,,,11801310.0,2024-11-10,Model 1 final weight: nan
,,,11801311.0,2024-04-24,Transitioning to IdleState
,,,11801312.0,2024-04-24,アイドル状態に遷移します。
,,,11801314.0,2024-11-11,Transitioning to PositionState
,,,11801315.0,2024-11-11,Transitioning to Position State.
,,,11801323.0,2024-11-12,"rolling_v1 - Hit Rate: 0.4000, Avg Error: 0.6000, Avg Profit: -8.4569"
,,,11801324.0,2024-11-12,Raw hit rates: [0.4]
,,,11801325.0,2024-11-12,Raw average errors: [0.6]
,,,11801326.0,2024-11-12,Raw average profits: [-8.456927056599689]
,,,11801327.0,2024-11-12,Profit weights: [0.6]
,,,11801328.0,2024-11-12,Hit rate weights: [0.2]
,,,11801329.0,2024-11-12,Error weights: [nan]
,,,11801330.0,2024-11-12,Model 1 final weight: nan
,,,11801331.0,2024-11-12,"rolling_v2 - Hit Rate: 0.4000, Avg Error: 0.6000, Avg Profit: -8.4569"
,,,11801332.0,2024-11-12,Raw hit rates: [0.4]
,,,11801333.0,2024-11-12,Raw average errors: [0.6]
,,,11801334.0,2024-11-12,Raw average profits: [-8.456927056599689]
,,,11801335.0,2024-11-12,Profit weights: [0.6]
,,,11801336.0,2024-11-12,Hit rate weights: [0.2]
,,,11801337.0,2024-11-12,Error weights: [nan]
,,,11801338.0,2024-11-12,Model 1 final weight: nan
,,,11801339.0,2024-04-24,Transitioning to IdleState
,,,11801340.0,2024-04-24,アイドル状態に遷移します。
,,,11801342.0,2024-11-13,Transitioning to PositionState
,,,11801343.0,2024-11-13,Transitioning to Position State.
,,,11801344.0,2024-11-14,continue Position state pandl:-9.43850305900474
,,,11801345.0,2024-11-15,continue Position state pandl:4.262596940995257
,,,11801346.0,2024-11-16,continue Position state pandl:0.7639969409952466
,,,11801354.0,2024-11-17,"rolling_v1 - Hit Rate: 0.4333, Avg Error: 0.5667, Avg Profit: -6.5285"
,,,11801355.0,2024-11-17,Raw hit rates: [0.43333333333333335]
,,,11801356.0,2024-11-17,Raw average errors: [0.5666666666666667]
,,,11801357.0,2024-11-17,Raw average profits: [-6.528454831919563]
,,,11801358.0,2024-11-17,Profit weights: [0.6]
,,,11801359.0,2024-11-17,Hit rate weights: [0.2]
,,,11801360.0,2024-11-17,Error weights: [nan]
,,,11801361.0,2024-11-17,Model 1 final weight: nan
,,,11801362.0,2024-11-17,"rolling_v2 - Hit Rate: 0.4333, Avg Error: 0.5667, Avg Profit: -6.5285"
,,,11801363.0,2024-11-17,Raw hit rates: [0.43333333333333335]
,,,11801364.0,2024-11-17,Raw average errors: [0.5666666666666667]
,,,11801365.0,2024-11-17,Raw average profits: [-6.528454831919563]
,,,11801366.0,2024-11-17,Profit weights: [0.6]
,,,11801367.0,2024-11-17,Hit rate weights: [0.2]
,,,11801368.0,2024-11-17,Error weights: [nan]
,,,11801369.0,2024-11-17,Model 1 final weight: nan
,,,11801370.0,2024-04-24,Transitioning to IdleState
,,,11801371.0,2024-04-24,アイドル状態に遷移します。
,,,11801373.0,2024-11-18,Transitioning to PositionState
,,,11801374.0,2024-11-18,Transitioning to Position State.
,,,11801382.0,2024-11-19,"rolling_v1 - Hit Rate: 0.4333, Avg Error: 0.5667, Avg Profit: -6.0811"
,,,11801383.0,2024-11-19,Raw hit rates: [0.43333333333333335]
,,,11801384.0,2024-11-19,Raw average errors: [0.5666666666666667]
,,,11801385.0,2024-11-19,Raw average profits: [-6.081061511276998]
,,,11801386.0,2024-11-19,Profit weights: [0.6]
,,,11801387.0,2024-11-19,Hit rate weights: [0.2]
,,,11801388.0,2024-11-19,Error weights: [nan]
,,,11801389.0,2024-11-19,Model 1 final weight: nan
,,,11801390.0,2024-11-19,"rolling_v2 - Hit Rate: 0.4333, Avg Error: 0.5667, Avg Profit: -6.0811"
,,,11801391.0,2024-11-19,Raw hit rates: [0.43333333333333335]
,,,11801392.0,2024-11-19,Raw average errors: [0.5666666666666667]
,,,11801393.0,2024-11-19,Raw average profits: [-6.081061511276998]
,,,11801394.0,2024-11-19,Profit weights: [0.6]
,,,11801395.0,2024-11-19,Hit rate weights: [0.2]
,,,11801396.0,2024-11-19,Error weights: [nan]
,,,11801397.0,2024-11-19,Model 1 final weight: nan
,,,11801398.0,2024-04-24,Transitioning to IdleState
,,,11801399.0,2024-04-24,アイドル状態に遷移します。
,,,11801401.0,2024-11-20,Transitioning to PositionState
,,,11801402.0,2024-11-20,Transitioning to Position State.
,,,11801410.0,2024-11-21,"rolling_v1 - Hit Rate: 0.4000, Avg Error: 0.6000, Avg Profit: -8.9733"
,,,11801411.0,2024-11-21,Raw hit rates: [0.4]
,,,11801412.0,2024-11-21,Raw average errors: [0.6]
,,,11801413.0,2024-11-21,Raw average profits: [-8.973317178333428]
,,,11801414.0,2024-11-21,Profit weights: [0.6]
,,,11801415.0,2024-11-21,Hit rate weights: [0.2]
,,,11801416.0,2024-11-21,Error weights: [nan]
,,,11801417.0,2024-11-21,Model 1 final weight: nan
,,,11801418.0,2024-11-21,"rolling_v2 - Hit Rate: 0.4000, Avg Error: 0.6000, Avg Profit: -8.9733"
,,,11801419.0,2024-11-21,Raw hit rates: [0.4]
,,,11801420.0,2024-11-21,Raw average errors: [0.6]
,,,11801421.0,2024-11-21,Raw average profits: [-8.973317178333428]
,,,11801422.0,2024-11-21,Profit weights: [0.6]
,,,11801423.0,2024-11-21,Hit rate weights: [0.2]
,,,11801424.0,2024-11-21,Error weights: [nan]
,,,11801425.0,2024-11-21,Model 1 final weight: nan
,,,11801426.0,2024-04-24,Transitioning to IdleState
,,,11801427.0,2024-04-24,アイドル状態に遷移します。
,,,11801429.0,2024-11-22,Transitioning to PositionState
,,,11801430.0,2024-11-22,Transitioning to Position State.
,,,11801431.0,2024-11-23,continue Position state pandl:-9.222564219853304
,,,11801432.0,2024-11-24,continue Position state pandl:-7.210064219853257
,,,11801433.0,2024-11-25,losscut price: 93999.65
,,,11801441.0,2024-11-25,"rolling_v1 - Hit Rate: 0.4000, Avg Error: 0.6000, Avg Profit: -8.0496"
,,,11801442.0,2024-11-25,Raw hit rates: [0.4]
,,,11801443.0,2024-11-25,Raw average errors: [0.6]
,,,11801444.0,2024-11-25,Raw average profits: [-8.049559602575847]
,,,11801445.0,2024-11-25,Profit weights: [0.6]
,,,11801446.0,2024-11-25,Hit rate weights: [0.2]
,,,11801447.0,2024-11-25,Error weights: [nan]
,,,11801448.0,2024-11-25,Model 1 final weight: nan
,,,11801449.0,2024-11-25,"rolling_v2 - Hit Rate: 0.4000, Avg Error: 0.6000, Avg Profit: -8.0496"
,,,11801450.0,2024-11-25,Raw hit rates: [0.4]
,,,11801451.0,2024-11-25,Raw average errors: [0.6]
,,,11801452.0,2024-11-25,Raw average profits: [-8.049559602575847]
,,,11801453.0,2024-11-25,Profit weights: [0.6]
,,,11801454.0,2024-11-25,Hit rate weights: [0.2]
,,,11801455.0,2024-11-25,Error weights: [nan]
,,,11801456.0,2024-11-25,Model 1 final weight: nan
,,,11801457.0,2024-04-24,Transitioning to IdleState
,,,11801458.0,2024-04-24,アイドル状態に遷移します。
,,,11801460.0,2024-11-26,Transitioning to PositionState
,,,11801461.0,2024-11-26,Transitioning to Position State.
,,,11801469.0,2024-11-27,"rolling_v1 - Hit Rate: 0.4000, Avg Error: 0.6000, Avg Profit: -7.7624"
,,,11801470.0,2024-11-27,Raw hit rates: [0.4]
,,,11801471.0,2024-11-27,Raw average errors: [0.6]
,,,11801472.0,2024-11-27,Raw average profits: [-7.762449803197696]
,,,11801473.0,2024-11-27,Profit weights: [0.6]
,,,11801474.0,2024-11-27,Hit rate weights: [0.2]
,,,11801475.0,2024-11-27,Error weights: [nan]
,,,11801476.0,2024-11-27,Model 1 final weight: nan
,,,11801477.0,2024-11-27,"rolling_v2 - Hit Rate: 0.4000, Avg Error: 0.6000, Avg Profit: -7.7624"
,,,11801478.0,2024-11-27,Raw hit rates: [0.4]
,,,11801479.0,2024-11-27,Raw average errors: [0.6]
,,,11801480.0,2024-11-27,Raw average profits: [-7.762449803197696]
,,,11801481.0,2024-11-27,Profit weights: [0.6]
,,,11801482.0,2024-11-27,Hit rate weights: [0.2]
,,,11801483.0,2024-11-27,Error weights: [nan]
,,,11801484.0,2024-11-27,Model 1 final weight: nan
,,,11801485.0,2024-04-24,Transitioning to IdleState
,,,11801486.0,2024-04-24,アイドル状態に遷移します。
,,,11801488.0,2024-11-28,Transitioning to PositionState
,,,11801489.0,2024-11-28,Transitioning to Position State.
,,,11801497.0,2024-11-29,"rolling_v1 - Hit Rate: 0.4000, Avg Error: 0.6000, Avg Profit: -7.3984"
,,,11801498.0,2024-11-29,Raw hit rates: [0.4]
,,,11801499.0,2024-11-29,Raw average errors: [0.6]
,,,11801500.0,2024-11-29,Raw average profits: [-7.398389031876661]
,,,11801501.0,2024-11-29,Profit weights: [0.6]
,,,11801502.0,2024-11-29,Hit rate weights: [0.2]
,,,11801503.0,2024-11-29,Error weights: [nan]
,,,11801504.0,2024-11-29,Model 1 final weight: nan
,,,11801505.0,2024-11-29,"rolling_v2 - Hit Rate: 0.4000, Avg Error: 0.6000, Avg Profit: -7.3984"
,,,11801506.0,2024-11-29,Raw hit rates: [0.4]
,,,11801507.0,2024-11-29,Raw average errors: [0.6]
,,,11801508.0,2024-11-29,Raw average profits: [-7.398389031876661]
,,,11801509.0,2024-11-29,Profit weights: [0.6]
,,,11801510.0,2024-11-29,Hit rate weights: [0.2]
,,,11801511.0,2024-11-29,Error weights: [nan]
,,,11801512.0,2024-11-29,Model 1 final weight: nan
,,,11801513.0,2024-04-24,Transitioning to IdleState
,,,11801514.0,2024-04-24,アイドル状態に遷移します。
,,,11801516.0,2024-11-30,Transitioning to PositionState
,,,11801517.0,2024-11-30,Transitioning to Position State.
,,,11801518.0,2024-12-01,continue Position state pandl:10.842625641771605
,,,11801519.0,2024-12-02,continue Position state pandl:-11.218174358228367
,,,11801520.0,2024-12-03,continue Position state pandl:-10.690174358228347
,,,11801528.0,2024-12-04,"rolling_v1 - Hit Rate: 0.3667, Avg Error: 0.6333, Avg Profit: -11.2863"
,,,11801529.0,2024-12-04,Raw hit rates: [0.36666666666666664]
,,,11801530.0,2024-12-04,Raw average errors: [0.6333333333333333]
,,,11801531.0,2024-12-04,Raw average profits: [-11.28633798288603]
,,,11801532.0,2024-12-04,Profit weights: [0.6]
,,,11801533.0,2024-12-04,Hit rate weights: [0.2]
,,,11801534.0,2024-12-04,Error weights: [nan]
,,,11801535.0,2024-12-04,Model 1 final weight: nan
,,,11801536.0,2024-12-04,"rolling_v2 - Hit Rate: 0.3667, Avg Error: 0.6333, Avg Profit: -11.2863"
,,,11801537.0,2024-12-04,Raw hit rates: [0.36666666666666664]
,,,11801538.0,2024-12-04,Raw average errors: [0.6333333333333333]
,,,11801539.0,2024-12-04,Raw average profits: [-11.28633798288603]
,,,11801540.0,2024-12-04,Profit weights: [0.6]
,,,11801541.0,2024-12-04,Hit rate weights: [0.2]
,,,11801542.0,2024-12-04,Error weights: [nan]
,,,11801543.0,2024-12-04,Model 1 final weight: nan
,,,11801544.0,2024-04-24,Transitioning to IdleState
,,,11801545.0,2024-04-24,アイドル状態に遷移します。
,,,11801547.0,2024-12-05,Transitioning to PositionState
,,,11801548.0,2024-12-05,Transitioning to Position State.
,,,11801556.0,2024-12-06,"rolling_v1 - Hit Rate: 0.3667, Avg Error: 0.6333, Avg Profit: -10.8059"
,,,11801557.0,2024-12-06,Raw hit rates: [0.36666666666666664]
,,,11801558.0,2024-12-06,Raw average errors: [0.6333333333333333]
,,,11801559.0,2024-12-06,Raw average profits: [-10.805947419257334]
,,,11801560.0,2024-12-06,Profit weights: [0.6]
,,,11801561.0,2024-12-06,Hit rate weights: [0.2]
,,,11801562.0,2024-12-06,Error weights: [nan]
,,,11801563.0,2024-12-06,Model 1 final weight: nan
,,,11801564.0,2024-12-06,"rolling_v2 - Hit Rate: 0.3667, Avg Error: 0.6333, Avg Profit: -10.8059"
,,,11801565.0,2024-12-06,Raw hit rates: [0.36666666666666664]
,,,11801566.0,2024-12-06,Raw average errors: [0.6333333333333333]
,,,11801567.0,2024-12-06,Raw average profits: [-10.805947419257334]
,,,11801568.0,2024-12-06,Profit weights: [0.6]
,,,11801569.0,2024-12-06,Hit rate weights: [0.2]
,,,11801570.0,2024-12-06,Error weights: [nan]
,,,11801571.0,2024-12-06,Model 1 final weight: nan
,,,11801572.0,2024-04-24,Transitioning to IdleState
,,,11801573.0,2024-04-24,アイドル状態に遷移します。
,,,11801575.0,2024-12-07,Transitioning to PositionState
,,,11801576.0,2024-12-07,Transitioning to Position State.
,,,11801577.0,2024-12-08,continue Position state pandl:19.829052402875934
,,,11801578.0,2024-12-09,losscut price: 96416.045
,,,11801586.0,2024-12-09,"rolling_v1 - Hit Rate: 0.3667, Avg Error: 0.6333, Avg Profit: -9.5619"
,,,11801587.0,2024-12-09,Raw hit rates: [0.36666666666666664]
,,,11801588.0,2024-12-09,Raw average errors: [0.6333333333333333]
,,,11801589.0,2024-12-09,Raw average profits: [-9.56192278398669]
,,,11801590.0,2024-12-09,Profit weights: [0.6]
,,,11801591.0,2024-12-09,Hit rate weights: [0.2]
,,,11801592.0,2024-12-09,Error weights: [nan]
,,,11801593.0,2024-12-09,Model 1 final weight: nan
,,,11801594.0,2024-12-09,"rolling_v2 - Hit Rate: 0.3667, Avg Error: 0.6333, Avg Profit: -9.5619"
,,,11801595.0,2024-12-09,Raw hit rates: [0.36666666666666664]
,,,11801596.0,2024-12-09,Raw average errors: [0.6333333333333333]
,,,11801597.0,2024-12-09,Raw average profits: [-9.56192278398669]
,,,11801598.0,2024-12-09,Profit weights: [0.6]
,,,11801599.0,2024-12-09,Hit rate weights: [0.2]
,,,11801600.0,2024-12-09,Error weights: [nan]
,,,11801601.0,2024-12-09,Model 1 final weight: nan
,,,11801602.0,2024-04-24,Transitioning to IdleState
,,,11801603.0,2024-04-24,アイドル状態に遷移します。
,,,11801605.0,2024-12-10,Transitioning to PositionState
,,,11801606.0,2024-12-10,Transitioning to Position State.
,,,11801607.0,2024-12-11,losscut price: 99932.148
,,,11801615.0,2024-12-11,"rolling_v1 - Hit Rate: 0.3333, Avg Error: 0.6667, Avg Profit: -13.3672"
,,,11801616.0,2024-12-11,Raw hit rates: [0.3333333333333333]
,,,11801617.0,2024-12-11,Raw average errors: [0.6666666666666666]
,,,11801618.0,2024-12-11,Raw average profits: [-13.367176957822705]
,,,11801619.0,2024-12-11,Profit weights: [0.6]
,,,11801620.0,2024-12-11,Hit rate weights: [0.2]
,,,11801621.0,2024-12-11,Error weights: [nan]
,,,11801622.0,2024-12-11,Model 1 final weight: nan
,,,11801623.0,2024-12-11,"rolling_v2 - Hit Rate: 0.3333, Avg Error: 0.6667, Avg Profit: -13.3672"
,,,11801624.0,2024-12-11,Raw hit rates: [0.3333333333333333]
,,,11801625.0,2024-12-11,Raw average errors: [0.6666666666666666]
,,,11801626.0,2024-12-11,Raw average profits: [-13.367176957822705]
,,,11801627.0,2024-12-11,Profit weights: [0.6]
,,,11801628.0,2024-12-11,Hit rate weights: [0.2]
,,,11801629.0,2024-12-11,Error weights: [nan]
,,,11801630.0,2024-12-11,Model 1 final weight: nan
,,,11801631.0,2024-04-24,Transitioning to IdleState
,,,11801632.0,2024-04-24,アイドル状態に遷移します。
,,,11801634.0,2024-12-12,Transitioning to PositionState
,,,11801635.0,2024-12-12,Transitioning to Position State.
,,,11801636.0,2024-12-13,continue Position state pandl:17.22163467241573
,,,11801637.0,2024-12-14,continue Position state pandl:17.274934672415764
,,,11801645.0,2024-12-15,"rolling_v1 - Hit Rate: 0.3333, Avg Error: 0.6667, Avg Profit: -12.5607"
,,,11801646.0,2024-12-15,Raw hit rates: [0.3333333333333333]
,,,11801647.0,2024-12-15,Raw average errors: [0.6666666666666666]
,,,11801648.0,2024-12-15,Raw average profits: [-12.560650321379713]
,,,11801649.0,2024-12-15,Profit weights: [0.6]
,,,11801650.0,2024-12-15,Hit rate weights: [0.2]
,,,11801651.0,2024-12-15,Error weights: [nan]
,,,11801652.0,2024-12-15,Model 1 final weight: nan
,,,11801653.0,2024-12-15,"rolling_v2 - Hit Rate: 0.3333, Avg Error: 0.6667, Avg Profit: -12.5607"
,,,11801654.0,2024-12-15,Raw hit rates: [0.3333333333333333]
,,,11801655.0,2024-12-15,Raw average errors: [0.6666666666666666]
,,,11801656.0,2024-12-15,Raw average profits: [-12.560650321379713]
,,,11801657.0,2024-12-15,Profit weights: [0.6]
,,,11801658.0,2024-12-15,Hit rate weights: [0.2]
,,,11801659.0,2024-12-15,Error weights: [nan]
,,,11801660.0,2024-12-15,Model 1 final weight: nan
,,,11801661.0,2024-04-24,Transitioning to IdleState
,,,11801662.0,2024-04-24,アイドル状態に遷移します。
,,,11801664.0,2024-12-16,Transitioning to PositionState
,,,11801665.0,2024-12-16,Transitioning to Position State.
,,,11801666.0,2024-12-17,continue Position state pandl:-0.8897229004872147
,,,11801667.0,2024-12-18,losscut price: 100789.48999999999
,,,11801675.0,2024-12-18,"rolling_v1 - Hit Rate: 0.3667, Avg Error: 0.6333, Avg Profit: -8.3023"
,,,11801676.0,2024-12-18,Raw hit rates: [0.36666666666666664]
,,,11801677.0,2024-12-18,Raw average errors: [0.6333333333333333]
,,,11801678.0,2024-12-18,Raw average profits: [-8.30231698804638]
,,,11801679.0,2024-12-18,Profit weights: [0.6]
,,,11801680.0,2024-12-18,Hit rate weights: [0.2]
,,,11801681.0,2024-12-18,Error weights: [nan]
,,,11801682.0,2024-12-18,Model 1 final weight: nan
,,,11801683.0,2024-12-18,"rolling_v2 - Hit Rate: 0.3667, Avg Error: 0.6333, Avg Profit: -8.3023"
,,,11801684.0,2024-12-18,Raw hit rates: [0.36666666666666664]
,,,11801685.0,2024-12-18,Raw average errors: [0.6333333333333333]
,,,11801686.0,2024-12-18,Raw average profits: [-8.30231698804638]
,,,11801687.0,2024-12-18,Profit weights: [0.6]
,,,11801688.0,2024-12-18,Hit rate weights: [0.2]
,,,11801689.0,2024-12-18,Error weights: [nan]
,,,11801690.0,2024-12-18,Model 1 final weight: nan
,,,11801691.0,2024-04-24,Transitioning to IdleState
,,,11801692.0,2024-04-24,アイドル状態に遷移します。
,,,11801694.0,2024-12-19,Transitioning to PositionState
,,,11801695.0,2024-12-19,Transitioning to Position State.
,,,11801696.0,2024-12-20,losscut price: 92972.15454545454
,,,11801704.0,2024-12-20,"rolling_v1 - Hit Rate: 0.3667, Avg Error: 0.6333, Avg Profit: -9.2259"
,,,11801705.0,2024-12-20,Raw hit rates: [0.36666666666666664]
,,,11801706.0,2024-12-20,Raw average errors: [0.6333333333333333]
,,,11801707.0,2024-12-20,Raw average profits: [-9.225946577061297]
,,,11801708.0,2024-12-20,Profit weights: [0.6]
,,,11801709.0,2024-12-20,Hit rate weights: [0.2]
,,,11801710.0,2024-12-20,Error weights: [nan]
,,,11801711.0,2024-12-20,Model 1 final weight: nan
,,,11801712.0,2024-12-20,"rolling_v2 - Hit Rate: 0.3667, Avg Error: 0.6333, Avg Profit: -9.2259"
,,,11801713.0,2024-12-20,Raw hit rates: [0.36666666666666664]
,,,11801714.0,2024-12-20,Raw average errors: [0.6333333333333333]
,,,11801715.0,2024-12-20,Raw average profits: [-9.225946577061297]
,,,11801716.0,2024-12-20,Profit weights: [0.6]
,,,11801717.0,2024-12-20,Hit rate weights: [0.2]
,,,11801718.0,2024-12-20,Error weights: [nan]
,,,11801719.0,2024-12-20,Model 1 final weight: nan
,,,11801720.0,2024-04-24,Transitioning to IdleState
,,,11801721.0,2024-04-24,アイドル状態に遷移します。
,,,11801723.0,2024-12-21,Transitioning to PositionState
,,,11801724.0,2024-12-21,Transitioning to Position State.
,,,11801725.0,2024-12-22,continue Position state pandl:-17.654954100783034
,,,11801726.0,2024-12-23,losscut price: 92829.2590909091
,,,11801734.0,2024-12-23,"rolling_v1 - Hit Rate: 0.4000, Avg Error: 0.6000, Avg Profit: -5.6285"
,,,11801735.0,2024-12-23,Raw hit rates: [0.4]
,,,11801736.0,2024-12-23,Raw average errors: [0.6]
,,,11801737.0,2024-12-23,Raw average profits: [-5.6284617285764496]
,,,11801738.0,2024-12-23,Profit weights: [0.6]
,,,11801739.0,2024-12-23,Hit rate weights: [0.2]
,,,11801740.0,2024-12-23,Error weights: [nan]
,,,11801741.0,2024-12-23,Model 1 final weight: nan
,,,11801742.0,2024-12-23,"rolling_v2 - Hit Rate: 0.4000, Avg Error: 0.6000, Avg Profit: -5.6285"
,,,11801743.0,2024-12-23,Raw hit rates: [0.4]
,,,11801744.0,2024-12-23,Raw average errors: [0.6]
,,,11801745.0,2024-12-23,Raw average profits: [-5.6284617285764496]
,,,11801746.0,2024-12-23,Profit weights: [0.6]
,,,11801747.0,2024-12-23,Hit rate weights: [0.2]
,,,11801748.0,2024-12-23,Error weights: [nan]
,,,11801749.0,2024-12-23,Model 1 final weight: nan
,,,11801750.0,2024-04-24,Transitioning to IdleState
,,,11801751.0,2024-04-24,アイドル状態に遷移します。
,,,11801753.0,2024-12-24,Transitioning to PositionState
,,,11801754.0,2024-12-24,Transitioning to Position State.
,,,11801755.0,2024-12-25,continue Position state pandl:3.177928965162698
,,,11801763.0,2024-12-26,"rolling_v1 - Hit Rate: 0.4333, Avg Error: 0.5667, Avg Profit: -4.1801"
,,,11801764.0,2024-12-26,Raw hit rates: [0.43333333333333335]
,,,11801765.0,2024-12-26,Raw average errors: [0.5666666666666667]
,,,11801766.0,2024-12-26,Raw average profits: [-4.18012591048319]
,,,11801767.0,2024-12-26,Profit weights: [0.6]
,,,11801768.0,2024-12-26,Hit rate weights: [0.2]
,,,11801769.0,2024-12-26,Error weights: [nan]
,,,11801770.0,2024-12-26,Model 1 final weight: nan
,,,11801771.0,2024-12-26,"rolling_v2 - Hit Rate: 0.4333, Avg Error: 0.5667, Avg Profit: -4.1801"
,,,11801772.0,2024-12-26,Raw hit rates: [0.43333333333333335]
,,,11801773.0,2024-12-26,Raw average errors: [0.5666666666666667]
,,,11801774.0,2024-12-26,Raw average profits: [-4.18012591048319]
,,,11801775.0,2024-12-26,Profit weights: [0.6]
,,,11801776.0,2024-12-26,Hit rate weights: [0.2]
,,,11801777.0,2024-12-26,Error weights: [nan]
,,,11801778.0,2024-12-26,Model 1 final weight: nan
,,,11801779.0,2024-04-24,Transitioning to IdleState
,,,11801780.0,2024-04-24,アイドル状態に遷移します。
,,,11801782.0,2024-12-27,Transitioning to PositionState
,,,11801783.0,2024-12-27,Transitioning to Position State.
,,,11801784.0,2024-12-28,continue Position state pandl:6.316091263500974
,,,11801785.0,2024-12-29,continue Position state pandl:-4.581508736499037
,,,11801786.0,2024-12-30,continue Position state pandl:-11.299408736499023
,,,11801794.0,2024-12-31,"rolling_v1 - Hit Rate: 0.4667, Avg Error: 0.5333, Avg Profit: -1.8445"
,,,11801795.0,2024-12-31,Raw hit rates: [0.4666666666666667]
,,,11801796.0,2024-12-31,Raw average errors: [0.5333333333333333]
,,,11801797.0,2024-12-31,Raw average profits: [-1.844466370177691]
,,,11801798.0,2024-12-31,Profit weights: [0.6]
,,,11801799.0,2024-12-31,Hit rate weights: [0.2]
,,,11801800.0,2024-12-31,Error weights: [nan]
,,,11801801.0,2024-12-31,Model 1 final weight: nan
,,,11801802.0,2024-12-31,"rolling_v2 - Hit Rate: 0.4667, Avg Error: 0.5333, Avg Profit: -1.8445"
,,,11801803.0,2024-12-31,Raw hit rates: [0.4666666666666667]
,,,11801804.0,2024-12-31,Raw average errors: [0.5333333333333333]
,,,11801805.0,2024-12-31,Raw average profits: [-1.844466370177691]
,,,11801806.0,2024-12-31,Profit weights: [0.6]
,,,11801807.0,2024-12-31,Hit rate weights: [0.2]
,,,11801808.0,2024-12-31,Error weights: [nan]
,,,11801809.0,2024-12-31,Model 1 final weight: nan
,,,11801810.0,2024-04-24,Transitioning to IdleState
,,,11801811.0,2024-04-24,アイドル状態に遷移します。
